fit_at,n_train,last_training_label_available_at,first_signal_bar,last_signal_bar
2023-01-01 01:00:00,43630,2023-01-01,2023-01-01,2023-01-31
2023-02-01 01:00:00,44374,2023-02-01,2023-02-01,2023-02-28
2023-03-01 01:00:00,45046,2023-03-01,2023-03-01,2023-03-31
2023-04-01 01:00:00,45790,2023-04-01,2023-04-01,2023-04-30
2023-05-01 01:00:00,46510,2023-05-01,2023-05-01,2023-05-31
2023-06-01 01:00:00,47254,2023-06-01,2023-06-01,2023-06-30
2023-07-01 01:00:00,47974,2023-07-01,2023-07-01,2023-07-31
2023-08-01 01:00:00,48718,2023-08-01,2023-08-01,2023-08-31
2023-09-01 01:00:00,49462,2023-09-01,2023-09-01,2023-09-30
2023-10-01 01:00:00,50182,2023-10-01,2023-10-01,2023-10-31
2023-11-01 01:00:00,50926,2023-11-01,2023-11-01,2023-11-30
2023-12-01 01:00:00,51646,2023-12-01,2023-12-01,2023-12-30
