signal_bar,prob_up,position,prediction,label,forward_return
2021-01-01,0.5902391824430345,1,1,0,-0.0021617564398436206
2021-01-02,0.5331976169374625,0,1,1,0.10997379169503052
2021-01-03,0.3057220651778685,-1,0,1,0.01935541441040045
2021-01-04,0.5095296604069937,0,1,0,-0.012183298172234514
2021-01-05,0.4709280166269535,0,0,1,0.03126634006583373
2021-01-06,0.41997208992618346,-1,0,1,0.09177729814584423
2021-01-07,0.4054227253589429,-1,0,1,0.04784285999058202
2021-01-08,0.3383822746105014,-1,0,1,0.038932946763236886
2021-01-09,0.45423090165591895,0,0,1,0.02490024596884388
2021-01-10,0.5884297682616626,1,1,0,-0.09577222098454807
2021-01-11,0.6798103075388136,1,1,0,-0.07998098684494481
2021-01-12,0.5681100616787237,1,1,0,-0.03426070222594191
2021-01-13,0.6088310006025193,1,1,1,0.1320872394462158
2021-01-14,0.4402677326516603,-1,0,1,0.045588647242369884
2021-01-15,0.4865039505524742,0,0,0,-0.05614458328861771
2021-01-16,0.590556750371125,1,1,0,-0.007299555917574696
2021-01-17,0.5440630755490867,0,1,0,-0.01604227591049545
2021-01-18,0.4414487031587009,-1,0,1,0.023640078226071948
2021-01-19,0.3558013937102205,-1,0,0,-0.023017419931305683
2021-01-20,0.5155577835743518,0,1,0,-0.037374263232237026
2021-01-21,0.444240302476632,-1,0,0,-0.13659088304637923
2021-01-22,0.6006900876046767,1,1,1,0.0887121588361719
2021-01-23,0.4006071965406453,-1,0,0,-0.02594148012239894
2021-01-24,0.5261499242621777,0,1,1,0.03178198501192453
2021-01-25,0.4037761549005094,-1,0,0,-0.003943973864522832
2021-01-26,0.42259072896479405,-1,0,0,-0.0205942651408626
2021-01-27,0.4282840237296273,-1,0,0,-0.037667718437147
2021-01-28,0.5506079929217252,1,1,1,0.0993010371748222
2021-01-29,0.3358154588375513,-1,0,1,0.005924329075844836
2021-01-30,0.5385371522674675,0,1,1,0.0023477512455498672
2021-01-31,0.5430377610666189,0,1,0,-0.022571750282081027
2021-02-01,0.5381391482405153,0,1,1,0.009552786475987451
2021-02-02,0.4579734474090521,0,0,1,0.06422401350121021
2021-02-03,0.43075502416978667,-1,0,1,0.06344275384696707
2021-02-04,0.5466467146696062,0,1,0,-0.040638567946865156
2021-02-05,0.5396436779182517,0,1,1,0.0593893250506532
2021-02-06,0.533296503226287,0,1,0,-0.004491520450073727
2021-02-07,0.6390435501906729,1,1,0,-0.002392805345776239
2021-02-08,0.6912374104292907,1,1,1,0.1998567715859294
2021-02-09,0.35530198687060094,-1,0,1,0.0015680708882961358
2021-02-10,0.5276931249561081,0,1,0,-0.045777711444417
2021-02-11,0.6688000733226155,1,1,1,0.097908014099517
2021-02-12,0.409113004816972,-1,0,0,-0.01715699393671888
2021-02-13,0.6248084423757329,1,1,0,-0.003597748432844994
2021-02-14,0.5474595932752848,0,1,1,0.011208510715229547
2021-02-15,0.6344043991369729,1,1,1,0.005482887648617929
2021-02-16,0.5311101424573418,0,1,1,0.020662806803025235
2021-02-17,0.5042688703411669,0,1,1,0.058440802090366395
2021-02-18,0.5059183192205926,0,1,0,-0.016148180102494747
2021-02-19,0.5764105688416346,1,1,1,0.0944930935099535
2021-02-20,0.4222968965192497,-1,0,1,0.002958181297910034
2021-02-21,0.6119837002240696,1,1,1,0.009024336735615979
2021-02-22,0.5226295391012888,0,1,0,-0.07587444254907671
2021-02-23,0.6845620348791951,1,1,0,-0.045641081192024924
2021-02-24,0.48192308030048026,0,0,1,0.006711726135288254
2021-02-25,0.46878925103795904,0,0,0,-0.07952447160159604
2021-02-26,0.5868831209388921,1,1,1,0.027343431018017395
2021-02-27,0.5528028924054774,1,1,0,-0.028135522739471397
2021-02-28,0.6111573469624433,1,1,0,-0.005922676762350365
2021-03-01,0.4410709074639333,-1,0,1,0.06872270331080754
2021-03-02,0.3753111152017633,-1,0,0,-0.010253234283496226
2021-03-03,0.5194704069671767,0,1,1,0.05366176166566716
2021-03-04,0.5133341169122536,0,1,0,-0.09193877443977394
2021-03-05,0.5599044734020672,1,1,1,0.04096153825583482
2021-03-06,0.4956625253174067,0,0,1,0.009913982229227791
2021-03-07,0.4978411690964818,0,0,1,0.04971291763793739
2021-03-08,0.5035959993281529,0,1,1,0.03982968325963787
2021-03-09,0.5228691819196829,0,1,1,0.020418930744842356
2021-03-10,0.5330516443424074,0,1,1,0.020641396434006865
2021-03-11,0.5171475250492475,0,1,1,0.020055678593599913
2021-03-12,0.48848646946279256,0,0,0,-0.009526381680707408
2021-03-13,0.6975815875778776,1,1,1,0.08330077721855078
2021-03-14,0.5861168903051814,1,1,0,-0.015660278702619435
2021-03-15,0.7211852598080374,1,1,0,-0.09451129748435982
2021-03-16,0.6147399536557682,1,1,1,0.03365383468530592
2021-03-17,0.5025782361338871,0,1,1,0.049138714887413615
2021-03-18,0.5531446141922036,1,1,0,-0.028392542205050275
2021-03-19,0.6103548871742613,1,1,1,0.023708399366085597
2021-03-20,0.5803890431176163,1,1,0,-0.009649153249376097
2021-03-21,0.5435619445200538,0,1,0,-0.026554079727686197
2021-03-22,0.5447105059225763,0,1,0,-0.026929567344299632
2021-03-23,0.5187287845547685,0,1,0,-0.01137582981628027
2021-03-24,0.5051562272746981,0,1,0,-0.04878555680880803
2021-03-25,0.5556624788344048,1,1,1,0.008172771159707937
2021-03-26,0.4623298410522957,0,0,1,0.04631891836576596
2021-03-27,0.5072038850165126,0,1,1,0.02513851943568124
2021-03-28,0.5181396255319306,0,1,0,-0.014342822160239854
2021-03-29,0.5691329206156739,1,1,1,0.039937017538368424
2021-03-30,0.49275610647948914,0,0,1,0.02570165770847055
2021-03-31,0.5455879429000096,0,1,1,0.004753441814140613
2021-04-01,0.5268677748429743,0,1,0,-0.004405146534637749
2021-04-02,0.6070202969818735,1,1,1,0.006511737371003967
2021-04-03,0.5505735943925991,1,1,0,-0.03970376320193425
2021-04-04,0.5882168353902194,1,1,1,0.015089876495909538
2021-04-05,0.5304186363787674,0,1,1,0.017559116244377337
2021-04-06,0.5443817040066972,0,1,0,-0.02182404891304346
2021-04-07,0.5687184842426288,1,1,0,-0.01791978470353328
2021-04-08,0.553249575633683,1,1,1,0.02576087404272509
2021-04-09,0.5661278058439664,1,1,1,0.007307822368899597
2021-04-10,0.5135585432930229,0,1,1,0.038429765782709735
2021-04-11,0.5538496051264132,1,1,0,-0.012209917249972557
2021-04-12,0.5450211809516977,0,1,1,0.01263073823262073
2021-04-13,0.5443176915046251,0,1,1,0.04620912628514495
2021-04-14,0.5232078646394978,0,1,0,-0.012181755802150085
2021-04-15,0.5747838831275621,1,1,1,0.006093785091545456
2021-04-16,0.5185093726145716,0,1,0,-0.018626108998732627
2021-04-17,0.5657168735421981,1,1,0,-0.04262408563045006
2021-04-18,0.5848816602256129,1,1,0,-0.043158977472008586
2021-04-19,0.5176366179906955,0,1,0,-0.03399712747490946
2021-04-20,0.5927715942851467,1,1,1,0.02254204342396804
2021-04-21,0.41179290801388285,-1,0,0,-0.03840966262867751
2021-04-22,0.5978126925256765,1,1,0,-0.05219219230362471
2021-04-23,0.5964468134568169,1,1,0,-0.02586354048073558
2021-04-24,0.47703883146767445,0,0,1,0.008332763977027424
2021-04-25,0.4661809642189591,0,0,1,0.03460806995510235
2021-04-26,0.48546037277772613,0,0,1,0.03554383555442975
2021-04-27,0.4236431151933275,-1,0,1,0.03201841656047
2021-04-28,0.5204575786520003,0,1,0,-0.016345410183514764
2021-04-29,0.5100643677381944,0,1,0,-0.021084838485776247
2021-04-30,0.6057305655359669,1,1,1,0.09395485854126417
2021-05-01,0.4984369965011108,0,0,0,-0.01654469418417892
2021-05-02,0.618879981990533,1,1,1,0.010846504785079425
2021-05-03,0.6295353612398908,1,1,0,-0.04093545611015492
2021-05-04,0.5826087720050184,1,1,0,-0.01648928199362376
2021-05-05,0.5330928575981111,0,1,1,0.03795113537911532
2021-05-06,0.4848042589562858,0,0,0,-0.01102655694607868
2021-05-07,0.585191824721874,1,1,1,0.024125484730812774
2021-05-08,0.46991209479025253,0,0,1,0.02809036350356453
2021-05-09,0.46988408407490573,0,0,0,-0.007903125052759585
2021-05-10,0.5359049199413662,0,1,0,-0.053288903932396714
2021-05-11,0.6166772304747787,1,1,1,0.025953111439781962
2021-05-12,0.5215181436318593,0,1,0,-0.1148292019190792
2021-05-13,0.6124218590822199,1,1,0,-0.008938987810705123
2021-05-14,0.4255955510981408,-1,0,1,0.011606204701958944
2021-05-15,0.46686972267788784,0,0,0,-0.05057206299830064
2021-05-16,0.6354980483559687,1,1,0,-0.06584344939432563
2021-05-17,0.6364058299815624,1,1,1,0.004328517685817879
2021-05-18,0.4773726927451325,0,0,0,-0.09401462183700537
2021-05-19,0.6017911545032207,1,1,0,-0.0954360470450083
2021-05-20,0.6757483921402347,1,1,1,0.11982535098971625
2021-05-21,0.4576499918010318,0,0,0,-0.0922202117413159
2021-05-22,0.6840263394430239,1,1,1,0.008261934230171963
2021-05-23,0.6082424638667385,1,1,0,-0.07452573238572147
2021-05-24,0.5783813944685418,1,1,1,0.10627362034382504
2021-05-25,0.4625084323471929,0,0,0,-0.003691715469870238
2021-05-26,0.5490508550398363,0,1,0,-0.026630261154792945
2021-05-27,0.40651284771667895,-1,0,1,0.013843259088384352
2021-05-28,0.5690521772598882,1,1,0,-0.0462897842358001
2021-05-29,0.5228119930290703,0,1,0,-0.06806998930810526
2021-05-30,0.5728825571646576,1,1,1,0.02738737803459146
2021-05-31,0.436481667785257,-1,0,1,0.0679402423960227
2021-06-01,0.4440877973157255,-1,0,0,-0.024544230984793414
2021-06-02,0.48805560801535175,0,0,1,0.028057229417832064
2021-06-03,0.46985657756437726,0,0,1,0.016946385721729795
2021-06-04,0.4984851638594834,0,0,0,-0.006674980079702464
2021-06-05,0.5393712722023393,0,1,0,-0.038883176398318064
2021-06-06,0.5374865043325778,0,1,1,0.012662023206990947
2021-06-07,0.5750876266250189,1,1,0,-0.07944983933472072
2021-06-08,0.5623313310900667,1,1,0,-0.037061575104354816
2021-06-09,0.43491383483432955,-1,0,1,0.13377715239171728
2021-06-10,0.474517988940885,0,0,0,-0.01578584143680961
2021-06-11,0.4796565692422865,0,0,0,-0.001499412775934017
2021-06-12,0.43273665574775216,-1,0,0,-0.012526751847475093
2021-06-13,0.5405456890523768,0,1,1,0.09508208361299286
2021-06-14,0.45967733097853736,0,0,1,0.019042982834792666
2021-06-15,0.481082133550926,0,0,1,0.003933867735470997
2021-06-16,0.6413013244419867,1,1,0,-0.03557822633607677
2021-06-17,0.5601408650186245,1,1,0,-0.02604630079762138
2021-06-18,0.5985782449406325,1,1,0,-0.04132030086772409
2021-06-19,0.6187388754745474,1,1,0,-0.012634885395731765
2021-06-20,0.5844897504688673,1,1,0,-0.009797662222563841
2021-06-21,0.44361703321012946,-1,0,0,-0.07599364808905607
2021-06-22,0.5854413056873494,1,1,1,0.04223446531127051
2021-06-23,0.31317687796772165,-1,0,0,-0.03922721572761445
2021-06-24,0.43846583198703354,-1,0,1,0.06649554087644804
2021-06-25,0.4331558311980608,-1,0,0,-0.08235537403711946
2021-06-26,0.5260161970531704,0,1,1,0.02782816901408447
2021-06-27,0.4198418473338403,-1,0,1,0.043396121271252364
2021-06-28,0.37907753622618884,-1,0,1,0.010469236112327085
2021-06-29,0.4746791531535904,0,0,1,0.03535317067422383
2021-06-30,0.45489401669578333,0,0,0,-0.025802753093359332
2021-07-01,0.506575843152304,0,1,0,-0.047554550140312624
2021-07-02,0.5124903094997055,0,1,1,0.011748488483612984
2021-07-03,0.4902046763567879,0,0,1,0.02305147944836694
2021-07-04,0.5258572636480315,0,1,1,0.0038201685846901423
2021-07-05,0.5518684319679569,1,1,0,-0.023344788034023733
2021-07-06,0.5230142249536612,0,1,1,0.013797480130384177
2021-07-07,0.4776379719784651,0,0,0,-0.027450272135562614
2021-07-08,0.5810312761199924,1,1,0,-0.018705523673530622
2021-07-09,0.5270214173460261,0,1,1,0.03368217723671041
2021-07-10,0.4887197346506181,0,0,0,-0.004390281185363998
2021-07-11,0.5540747220454776,1,1,1,0.01568695478303206
2021-07-12,0.5537584683168117,1,1,0,-0.029169726785016947
2021-07-13,0.5743903141828454,1,1,0,-0.02305394109235248
2021-07-14,0.5694021841479394,1,1,1,0.012177971915330321
2021-07-15,0.5191986881790632,0,1,0,-0.029903930248270205
2021-07-16,0.5593178199176911,1,1,0,-0.012846182084360502
2021-07-17,0.5803145764978941,1,1,1,0.025797911579424904
2021-07-18,0.5084096592764034,0,1,0,-0.01869113878673012
2021-07-19,0.4610608646085276,0,0,0,-0.030888428116937594
2021-07-20,0.5743903141828454,1,1,0,-0.02904838512106489
2021-07-21,0.422467511712946,-1,0,1,0.0752010044249738
2021-07-22,0.4850843095259225,0,0,1,0.024453234659312484
2021-07-23,0.5189622915926315,0,1,1,0.025921389804314465
2021-07-24,0.5109369473355199,0,1,1,0.009197975587972529
2021-07-25,0.5529622725082091,1,1,1,0.1304500197056193
2021-07-26,0.5640456570228777,1,1,0,-0.03760958720370111
2021-07-27,0.6474452872069711,1,1,1,0.08067253003266828
2021-07-28,0.5180681172032434,0,1,0,-0.005320282032155066
2021-07-29,0.5469093677060959,0,1,1,0.01102363873158918
2021-07-30,0.6933571121186465,1,1,1,0.04718363273453097
2021-07-31,0.6249574279831159,1,1,0,-0.006526868951793552
2021-08-01,0.6595152751880543,1,1,0,-0.049867401104822906
2021-08-02,0.630772267017488,1,1,0,-0.02010709818932621
2021-08-03,0.5656962542345786,1,1,0,-0.012085648968026552
2021-08-04,0.5659062958740986,1,1,1,0.030289890480487802
2021-08-05,0.4968599820798151,0,0,1,0.02751067666318696
2021-08-06,0.4965962258514883,0,0,1,0.06278694015881459
2021-08-07,0.45412834465720914,0,0,1,0.02249988412514492
2021-08-08,0.5277141101037637,0,1,0,-0.02358430375466314
2021-08-09,0.6265951152454371,1,1,1,0.06830846853237582
2021-08-10,0.5037114914343551,0,1,0,-0.005334499705147655
2021-08-11,0.6590932581105222,1,1,1,0.004575386843550966
2021-08-12,0.6313263289554262,1,1,0,-0.024987931371909466
2021-08-13,0.5872353231701284,1,1,1,0.06117327581054255
2021-08-14,0.5097416160287596,0,1,0,-0.008972324107475393
2021-08-15,0.5344452095029387,0,1,1,0.010981075776421267
2021-08-16,0.4908229006603678,0,0,0,-0.028718326300851804
2021-08-17,0.5682994265816784,1,1,0,-0.02513033825314337
2021-08-18,0.5713244674867685,1,1,0,-0.003725603136976896
2021-08-19,0.5101506155119596,0,1,1,0.04983208003943895
2021-08-20,0.47042909992980325,0,0,1,0.03929482066143608
2021-08-21,0.4476011223040178,-1,0,0,-7.9890761611634e-05
2021-08-22,0.5159975994896526,0,1,1,0.016250916167513285
2021-08-23,0.4927819784220724,0,0,0,-0.017382331469462775
2021-08-24,0.5929873527536474,1,1,0,-0.01657539304535205
2021-08-25,0.5446235543283037,0,1,1,0.01205750242519854
2021-08-26,0.5381259533088294,0,1,0,-0.030666349210060173
2021-08-27,0.5673018265673612,1,1,1,0.04025645690880797
2021-08-28,0.5393272722346866,0,1,1,0.0045954841172495264
2021-08-29,0.5437466154149965,0,1,0,-0.01786360304292034
2021-08-30,0.5517098803128885,1,1,0,-0.03281019458881418
2021-08-31,0.5327328946760699,0,1,0,-0.0006534270608312687
2021-09-01,0.528657862492133,0,1,1,0.061118316920154125
2021-09-02,0.5101436863416692,0,1,0,-0.023494943132727264
2021-09-03,0.5158306096651696,0,1,1,0.023301820097739956
2021-09-04,0.5193027011252296,0,1,1,0.008301850513996012
2021-09-05,0.533930461028411,0,1,1,0.033951282797501925
2021-09-06,0.5403673976909048,0,1,1,0.013405976530570296
2021-09-07,0.5025250293891333,0,1,0,-0.10161814232212873
2021-09-08,0.6067005620316085,1,1,0,-0.022925288804307664
2021-09-09,0.5410847669087988,0,1,1,0.017136592633717918
2021-09-10,0.478825653397395,0,0,0,-0.03284160197798436
2021-09-11,0.5520996722952841,1,1,0,-0.008653220602561795
2021-09-12,0.41234092442270703,-1,0,1,0.004970480889745055
2021-09-13,0.4264045727487236,-1,0,0,-0.0006505721605125636
2021-09-14,0.5001347018166464,0,1,1,0.04165951641649479
2021-09-15,0.5093598254295136,0,1,1,0.019675828497332182
2021-09-16,0.48881081778295565,0,0,1,0.001279586796448795
2021-09-17,0.5800465546252871,1,1,0,-0.009155321498088953
2021-09-18,0.5394317114489654,0,1,1,0.005852458044986353
2021-09-19,0.49253970705779865,0,0,0,-0.013479975884073014
2021-09-20,0.5102403021308444,0,1,0,-0.09493703454063451
2021-09-21,0.6065244596999452,1,1,0,-0.013108252759401307
2021-09-22,0.6271015086193698,1,1,1,0.03399146514936002
2021-09-23,0.45825890473646963,0,0,1,0.019088929732268056
2021-09-24,0.5038465772878196,0,1,0,-0.04658340514283543
2021-09-25,0.5511665090239294,1,1,0,-5.026449033218583e-05
2021-09-26,0.4662781091794062,0,0,1,0.04451226951805731
2021-09-27,0.4674755106682006,0,0,0,-0.04143709446889343
2021-09-28,0.557097046787561,1,1,0,-0.020947837003186365
2021-09-29,0.5740962013286426,1,1,1,0.03410225983355142
2021-09-30,0.551546031526874,1,1,1,0.01776706234908154
2021-10-01,0.49721971058884695,0,0,1,0.09154512681623528
2021-10-02,0.5795109083128394,1,1,0,-0.004433676747516602
2021-10-03,0.6005762292693617,1,1,1,0.00657036004369016
2021-10-04,0.5306574883428409,0,1,1,0.02943176026983174
2021-10-05,0.5062032311477581,0,1,1,0.04141480541915765
2021-10-06,0.5727629564476122,1,1,1,0.06939220014372216
2021-10-07,0.49987739595095054,0,0,0,-0.008925270219665049
2021-10-08,0.6719175988688278,1,1,0,-0.0053808245640641905
2021-10-09,0.6100978567304677,1,1,1,0.006872889115217662
2021-10-10,0.5492122259154597,0,1,1,0.017107758219858216
2021-10-11,0.6255569180996264,1,1,1,0.03137362536097199
2021-10-12,0.55463826515666,1,1,0,-0.013926781645744124
2021-10-13,0.5609428238538612,1,1,1,0.03649586275280048
2021-10-14,0.4848901494231473,0,0,0,-0.01815572313494984
2021-10-15,0.5377257708042278,0,1,1,0.07231792463650932
2021-10-16,0.5007015109523032,0,1,0,-0.0047534806542763874
2021-10-17,0.588132121455143,1,1,1,0.01659534643898075
2021-10-18,0.5037098496336958,0,1,0,-0.004373168694374985
2021-10-19,0.5062032311477581,0,1,1,0.03229739579882063
2021-10-20,0.5110974579274229,0,1,1,0.019626299328776575
2021-10-21,0.5007015109523032,0,1,0,-0.03838034548944336
2021-10-22,0.5911899588278903,1,1,0,-0.02501841103653024
2021-10-23,0.5576456643076755,1,1,0,-0.00016787127270501134
2021-10-24,0.49938269733052665,0,0,1,0.012413748819789516
2021-10-25,0.5447391686342661,0,1,1,0.015953718618884727
2021-10-26,0.4848901494231473,0,0,0,-0.03531228022790045
2021-10-27,0.579314654201979,1,1,0,-0.026598110308909684
2021-10-28,0.6007054056416681,1,1,1,0.04189451833158642
2021-10-29,0.5339499987263799,0,1,1,0.010497434159487451
2021-10-30,0.49910727717790093,0,0,1,0.002239567157697131
2021-10-31,0.5166295415657114,0,1,0,-0.013886498101272626
2021-11-01,0.5287482575420356,0,1,1,0.0003391791896207863
2021-11-02,0.5339982018391924,0,1,1,0.02990526569450891
2021-11-03,0.5261612646426237,0,1,0,-0.012818176295486317
2021-11-04,0.4989374348363543,0,0,0,-0.00899711538461534
2021-11-05,0.5419869775172541,0,1,0,-0.009570239161378002
2021-11-06,0.5783075783491918,1,1,1,0.01103927603039323
2021-11-07,0.4926954561764804,0,0,1,0.05181960984056144
2021-11-08,0.4864048810065235,0,0,1,0.03727830882990801
2021-11-09,0.5468298985164171,0,1,0,-0.007047691590150396
2021-11-10,0.5782960495447171,1,1,0,-0.03404052586944917
2021-11-11,0.5883288817654859,1,1,1,0.005272067087643828
2021-11-12,0.5387154635566699,0,1,0,-0.019003973495294257
2021-11-13,0.5377273040874615,0,1,1,0.014423893205540939
2021-11-14,0.5342378717709451,0,1,1,0.017301543545488185
2021-11-15,0.5212447386829078,0,1,0,-0.05777108014449772
2021-11-16,0.5527864231619719,1,1,0,-0.04447208579468853
2021-11-17,0.5712899191029444,1,1,1,0.020348702567680954
2021-11-18,0.4732810611079185,0,0,0,-0.06341785735331562
2021-11-19,0.5970630292879998,1,1,1,0.036186105712705974
2021-11-20,0.4162694808961539,-1,0,1,0.009708263930477745
2021-11-21,0.45680391942386683,0,0,0,-0.022004417155922273
2021-11-22,0.5852866477385633,1,1,0,-0.02039780411631731
2021-11-23,0.5823808404465421,1,1,1,0.0035863821919077665
2021-11-24,0.5482250784693619,0,1,1,0.012421895586066878
2021-11-25,0.5417459009082796,0,1,1,0.014942949428456087
2021-11-26,0.5413664418556492,0,1,0,-0.07634669765276858
2021-11-27,0.5572886590192827,1,1,1,0.0016067275810369708
2021-11-28,0.4813465072229401,0,0,1,0.06329094794142032
2021-11-29,0.5213195332623605,0,1,0,-0.00676247430814414
2021-11-30,0.5213195332623605,0,1,0,-0.004643542781096355
2021-12-01,0.5365080217843026,0,1,1,0.0036591946931421315
2021-12-02,0.518703860865411,0,1,0,-0.01238011139672135
2021-12-03,0.5519157364032201,1,1,0,-0.06247185478430628
2021-12-04,0.5523685019729699,1,1,0,-0.07538152889265881
2021-12-05,0.4986533808798728,0,0,0,-0.0041526600427876925
2021-12-06,0.44811961636900666,-1,0,1,0.036675386217645656
2021-12-07,0.36846626056684767,-1,0,0,-0.0032870180869994936
2021-12-08,0.44834827879573597,-1,0,0,-0.005045637788842594
2021-12-09,0.4043767830736286,-1,0,0,-0.03554959865670826
2021-12-10,0.586830730372037,1,1,0,-0.009877966272617167
2021-12-11,0.5617383663925163,1,1,1,0.026071550144604272
2021-12-12,0.513201142228268,0,1,0,-0.01180752647687644
2021-12-13,0.519704417929598,0,1,0,-0.03555230699626322
2021-12-14,0.586870197874065,1,1,1,0.025768002183757854
2021-12-15,0.5256103918816161,0,1,1,0.020179820512388424
2021-12-16,0.5256103918816161,0,1,0,-0.024357841143769376
2021-12-17,0.5904948401844954,1,1,0,-0.04590456863318115
2021-12-18,0.571531154067905,1,1,1,0.02013366647707504
2021-12-19,0.4887989933991837,0,0,1,0.0009583148092067173
2021-12-20,0.5487849763201244,0,1,1,0.007227684617616248
2021-12-21,0.49735561290556335,0,0,1,0.039607927763340545
2021-12-22,0.4959684995547699,0,0,0,-0.0074591724953618765
2021-12-23,0.5520303091176619,1,1,1,0.05928860283036097
2021-12-24,0.5199562144443617,0,1,0,-0.006621978333811507
2021-12-25,0.5848776766848656,1,1,0,-0.008584320832369596
2021-12-26,0.5210955530312109,0,1,1,0.00474806820927598
2021-12-27,0.5015266364916654,0,1,0,-0.01878828631337781
2021-12-28,0.5187532571640823,0,1,0,-0.042224980699801296
2021-12-29,0.5024253868216639,0,1,0,-0.024335334049955804
2021-12-30,0.5340667447520165,0,1,1,0.011982578293925572
